{
    "workspace": "Default",
    "widgets": [
        {
            "id": "SpectralData Widget",
            "type": "SceneWidget",
            "sub-type": "Locus",
            "uniqe_name": "SpectralData Widget",
            "geometry": {
                "x": 18,
                "y": 444,
                "width": 592,
                "height": 423
            },
            "data": {
                "Le": 0.60544,
                "Lv": 133.99,
                "X": 126.2,
                "Y": 133.99,
                "Z": 113.34,
                "x": 0.3379,
                "y": 0.3587,
                "u'": 0.2039,
                "v'": 0.487,
                "T": 5303.0,
                "delta uv": 0.0065,
                "lambda d": 561.36,
                "Pe": 9.04,
                "X10": 137.98,
                "Y10": 145.51,
                "Z10": 121.68,
                "x10": 0.3405,
                "y10": 0.3591,
                "u'10": 0.2055,
                "v'10": 0.4876,
                "T10": 5253.0,
                "delta uv10": 0.0063,
                "lambda d10": 558.71,
                "Pe10": 9.91
            },
            "config": {
                "cctext": false,
                "eew": false,
                "dl": false,
                "bbl": true,
                "d65": false
            }
        },
        {
            "id": "SpectralData Widget",
            "type": "SceneWidget",
            "sub-type": "DaylightLocus",
            "uniqe_name": "SpectralData Widget",
            "geometry": {
                "x": 18,
                "y": 10,
                "width": 592,
                "height": 423
            },
            "data": {
                "Le": 0.60544,
                "Lv": 133.99,
                "X": 126.2,
                "Y": 133.99,
                "Z": 113.34,
                "x": 0.3379,
                "y": 0.3587,
                "u'": 0.2039,
                "v'": 0.487,
                "T": 5303.0,
                "delta uv": 0.0065,
                "lambda d": 561.36,
                "Pe": 9.04,
                "X10": 137.98,
                "Y10": 145.51,
                "Z10": 121.68,
                "x10": 0.3405,
                "y10": 0.3591,
                "u'10": 0.2055,
                "v'10": 0.4876,
                "T10": 5253.0,
                "delta uv10": 0.0063,
                "lambda d10": 558.71,
                "Pe10": 9.91
            },
            "config": {
                "ccts": [
                    4000.000000000001,
                    4751.017805986079,
                    5643.042548199193,
                    6702.548906607855,
                    7960.98230019661,
                    9455.692165343526,
                    11231.040461367535,
                    13339.718302926829,
                    15844.309796010923,
                    18819.149491101904,
                    22352.528581434723,
                    26549.315324802305,
                    31534.067461218667,
                    37454.72900085406,
                    44487.021100360245,
                    52839.65734577242,
                    62760.5382279919,
                    74544.10865861493,
                    88540.09689211023,
                    105163.89421953697,
                    124908.88349596401,
                    148361.08240379154,
                    176216.53605394554,
                    209301.97512537055,
                    248599.35266217293,
                    295274.98776364874,
                    350714.1811318545,
                    416562.3298423164,
                    494773.7615959733,
                    587669.7378192956,
                    698007.3471046601,
                    829061.3337008355,
                    984721.2896668098,
                    1169607.0952851481,
                    1389206.0339268474,
                    1650035.6508424361,
                    1959837.1894160623,
                    2327805.345937358,
                    2764861.1618544897,
                    3283976.152762506,
                    3900557.294052085,
                    4632904.289327587,
                    5502752.693006155,
                    6535919.0066025285,
                    7763066.894712871,
                    9220617.261460466,
                    10951829.197845304,
                    13008083.881770331,
                    15450409.536012853,
                    18351292.703843523,
                    21796829.599705722,
                    25889281.385561597,
                    30750109.2117468,
                    36523579.10025635,
                    43381043.66091478,
                    51526027.71881635,
                    61200268.790957235,
                    72690891.6892429,
                    86338930.1871497,
                    102549448.66723439,
                    121803564.15302134,
                    144672725.53089285,
                    171835673.759452,
                    204098586.43369254,
                    242419004.58076623,
                    287934251.81816113,
                    341995189.3353404,
                    406206308.5234451,
                    482473351.17469007,
                    573059870.586181,
                    680654412.2627553,
                    808450308.0958372,
                    960240452.2545625,
                    1140529871.6723912,
                    1354669432.1436355,
                    1609014648.3348637,
                    1911114311.0828393,
                    2269934530.3073444,
                    2696124842.9782066,
                    3202334284.0377297,
                    3803586801.045729,
                    4517727154.595486,
                    5365950538.517488,
                    6373431638.634285,
                    7570071800.0966215,
                    8991386478.713024,
                    10679559315.217043,
                    12684694116.670153,
                    15066301902.946732,
                    17895067152.815445,
                    21254945670.58567,
                    25245656336.55478,
                    29985640694.694225,
                    35615578216.09822,
                    42302561568.79326,
                    50245055813.039734,
                    59678788707.6292,
                    70883746947.40674,
                    84192485975.5351,
                    100000000000.0
                ],
                "force_daylight_below4000K": false
            }
        }
    ]
}